{"cameraMode":{"drawMode":0,"name":"Shaded","section":"Shading Mode"},"sceneLighting":true,"audioPlay":false,"sceneViewState":{"m_AlwaysRefresh":false,"showFog":true,"showSkybox":true,"showFlares":true,"showImageEffects":true,"showParticleSystems":true,"showVisualEffectGraphs":true,"m_FxEnabled":true},"in2DMode":false,"pivot":{"x":-0.9028645753860474,"y":6.6835246086120609,"z":107.24455261230469},"rotation":{"x":-0.00013699782721232623,"y":0.9989733099937439,"z":-0.0452941469848156,"w":-0.0030109905637800695},"size":0.803699791431427,"orthographic":false}